{
  "model": "ridge",
  "cv_rmse": 0.1408882362935666,
  "fold_rmse": [
    0.13035535460189235,
    0.11572624063349006,
    0.20717669859169716,
    0.12361772460489108,
    0.10324179439145814
  ]
}
