{
  "model": "xgb",
  "cv_rmse": 0.12712622765637543,
  "fold_rmse": [
    0.1305860983804401,
    0.11776432082615323,
    0.15837442229489512,
    0.11640257981675031,
    0.10607641686819512
  ]
}
