{
  "model": "lgbm",
  "cv_rmse": 0.13599577050800904,
  "fold_rmse": [
    0.14093096889286452,
    0.1257733735984811,
    0.16764628706616627,
    0.12898591981735438,
    0.10977760884037438
  ]
}
